fee_id,policy_id,due_date,amount,status,paid_at
1,1,2024-10-04,35.14,overdue,
2,1,2024-11-03,35.14,pending,
3,1,2024-12-03,35.14,pending,
4,1,2025-01-02,35.14,pending,
5,1,2025-02-01,35.14,pending,
6,1,2025-03-03,35.14,paid,2025-03-09T20:25:09
7,1,2025-04-02,35.14,paid,2025-04-29T05:56:12
8,1,2025-05-02,35.14,paid,2025-05-04T10:52:08
9,1,2025-06-01,35.14,pending,
10,2,2025-03-03,39.46,overdue,
11,2,2025-04-02,39.46,overdue,
12,3,2023-11-04,37.19,pending,
13,3,2023-12-04,37.19,paid,2023-12-24T06:38:22
14,3,2024-01-03,37.19,paid,2024-01-21T16:35:14
15,3,2024-02-02,37.19,overdue,
16,3,2024-03-03,37.19,paid,2024-03-14T01:06:15
17,3,2024-04-02,37.19,pending,
18,3,2024-05-02,37.19,pending,
19,3,2024-06-01,37.19,overdue,
20,3,2024-07-01,37.19,paid,2024-07-22T19:42:30
21,4,2023-09-28,31.37,paid,2023-10-17T10:06:25
22,4,2023-10-28,31.37,overdue,
23,4,2023-11-27,31.37,overdue,
24,4,2023-12-27,31.37,overdue,
25,4,2024-01-26,31.37,paid,2024-02-01T07:47:08
26,4,2024-02-25,31.37,pending,
27,4,2024-03-26,31.37,overdue,
28,4,2024-04-25,31.37,paid,2024-05-12T00:52:39
29,4,2024-05-25,31.37,pending,
30,4,2024-06-24,31.37,pending,
31,4,2024-07-24,31.37,overdue,
32,4,2024-08-23,31.37,pending,
33,5,2025-02-13,36.37,paid,2025-02-22T23:37:57
34,5,2025-03-15,36.37,overdue,
35,5,2025-04-14,36.37,pending,
36,5,2025-05-14,36.37,paid,2025-06-09T19:27:19
37,5,2025-06-13,36.37,pending,
38,5,2025-07-13,36.37,overdue,
39,6,2023-12-30,36.46,pending,
40,6,2024-01-29,36.46,paid,2024-02-01T03:55:51
41,6,2024-02-28,36.46,overdue,
42,6,2024-03-29,36.46,paid,2024-04-27T10:21:13
43,6,2024-04-28,36.46,paid,2024-05-13T19:58:56
44,6,2024-05-28,36.46,paid,2024-05-28T09:13:52
45,7,2025-02-26,29.15,pending,
46,7,2025-03-28,29.15,paid,2025-04-18T20:56:48
47,7,2025-04-27,29.15,pending,
48,7,2025-05-27,29.15,paid,2025-06-08T10:39:31
49,7,2025-06-26,29.15,pending,
50,7,2025-07-26,29.15,overdue,
51,7,2025-08-25,29.15,overdue,
52,7,2025-09-24,29.15,overdue,
53,7,2025-10-24,29.15,overdue,
54,7,2025-11-23,29.15,paid,2025-11-27T01:37:10
55,8,2023-10-09,43.15,paid,2023-10-19T17:00:40
56,8,2023-11-08,43.15,pending,
57,8,2023-12-08,43.15,pending,
58,8,2024-01-07,43.15,overdue,
59,9,2023-07-06,41.23,overdue,
60,9,2023-08-05,41.23,pending,
61,9,2023-09-04,41.23,paid,2023-09-27T03:45:33
62,9,2023-10-04,41.23,overdue,
63,9,2023-11-03,41.23,overdue,
64,9,2023-12-03,41.23,overdue,
65,9,2024-01-02,41.23,pending,
66,9,2024-02-01,41.23,paid,2024-02-18T07:01:15
67,9,2024-03-02,41.23,pending,
68,10,2024-08-08,32.03,overdue,
69,11,2025-02-01,38.02,paid,2025-02-09T06:04:08
70,11,2025-03-03,38.02,overdue,
71,11,2025-04-02,38.02,pending,
72,11,2025-05-02,38.02,paid,2025-05-05T22:17:25
73,11,2025-06-01,38.02,pending,
74,11,2025-07-01,38.02,paid,2025-07-19T18:40:39
75,11,2025-07-31,38.02,overdue,
76,11,2025-08-30,38.02,overdue,
77,11,2025-09-29,38.02,paid,2025-10-22T10:04:15
78,11,2025-10-29,38.02,overdue,
79,12,2023-09-23,42.07,pending,
80,12,2023-10-23,42.07,paid,2023-10-23T15:08:32
81,12,2023-11-22,42.07,paid,2023-12-06T07:55:39
82,12,2023-12-22,42.07,pending,
83,12,2024-01-21,42.07,paid,2024-02-16T00:03:47
84,12,2024-02-20,42.07,paid,2024-03-17T18:03:21
85,12,2024-03-21,42.07,paid,2024-03-29T08:30:01
86,12,2024-04-20,42.07,paid,2024-05-17T06:45:48
87,12,2024-05-20,42.07,pending,
88,12,2024-06-19,42.07,pending,
89,13,2023-08-18,35.24,pending,
90,13,2023-09-17,35.24,paid,2023-09-23T20:17:19
91,13,2023-10-17,35.24,pending,
92,13,2023-11-16,35.24,overdue,
93,13,2023-12-16,35.24,pending,
94,13,2024-01-15,35.24,overdue,
95,13,2024-02-14,35.24,pending,
96,13,2024-03-15,35.24,overdue,
97,14,2024-09-02,31.27,paid,2024-09-06T00:16:41
98,14,2024-10-02,31.27,paid,2024-10-15T21:12:11
99,14,2024-11-01,31.27,paid,2024-11-14T11:32:42
100,15,2025-05-24,36.0,paid,2025-06-16T09:34:35
101,15,2025-06-23,36.0,paid,2025-07-06T00:28:16
102,15,2025-07-23,36.0,paid,2025-08-12T02:27:52
103,16,2025-02-18,30.67,pending,
104,16,2025-03-20,30.67,pending,
105,16,2025-04-19,30.67,paid,2025-05-06T11:32:08
106,16,2025-05-19,30.67,overdue,
107,16,2025-06-18,30.67,paid,2025-07-04T21:20:08
108,17,2024-10-29,29.27,paid,2024-11-23T02:50:22
109,17,2024-11-28,29.27,pending,
110,17,2024-12-28,29.27,pending,
111,17,2025-01-27,29.27,paid,2025-02-25T22:00:38
112,17,2025-02-26,29.27,paid,2025-02-26T01:36:22
113,18,2024-09-21,35.56,paid,2024-09-28T01:19:50
114,18,2024-10-21,35.56,pending,
115,18,2024-11-20,35.56,pending,
116,18,2024-12-20,35.56,overdue,
117,18,2025-01-19,35.56,pending,
118,19,2024-09-23,34.91,pending,
119,19,2024-10-23,34.91,pending,
120,19,2024-11-22,34.91,overdue,
121,19,2024-12-22,34.91,pending,
122,19,2025-01-21,34.91,paid,2025-02-02T23:56:51
123,19,2025-02-20,34.91,paid,2025-03-07T04:33:22
124,19,2025-03-22,34.91,paid,2025-03-23T05:09:51
125,19,2025-04-21,34.91,overdue,
126,19,2025-05-21,34.91,overdue,
127,19,2025-06-20,34.91,pending,
128,20,2024-03-13,34.21,paid,2024-03-19T07:19:43
129,20,2024-04-12,34.21,pending,
130,20,2024-05-12,34.21,paid,2024-05-14T21:44:32
131,20,2024-06-11,34.21,paid,2024-06-12T21:30:36
132,20,2024-07-11,34.21,paid,2024-07-24T16:50:26
133,20,2024-08-10,34.21,paid,2024-08-19T08:31:13
134,20,2024-09-09,34.21,pending,
135,20,2024-10-09,34.21,pending,
136,20,2024-11-08,34.21,overdue,
137,21,2024-05-12,29.64,pending,
138,21,2024-06-11,29.64,pending,
139,21,2024-07-11,29.64,paid,2024-07-25T09:56:40
140,21,2024-08-10,29.64,paid,2024-08-13T18:52:43
141,21,2024-09-09,29.64,paid,2024-10-01T06:30:05
142,21,2024-10-09,29.64,paid,2024-10-13T12:26:16
143,21,2024-11-08,29.64,pending,
144,21,2024-12-08,29.64,pending,
145,21,2025-01-07,29.64,paid,2025-02-03T14:13:02
146,22,2024-10-19,37.43,pending,
147,22,2024-11-18,37.43,pending,
148,22,2024-12-18,37.43,paid,2024-12-26T09:41:09
149,22,2025-01-17,37.43,pending,
150,22,2025-02-16,37.43,overdue,
151,22,2025-03-18,37.43,overdue,
152,22,2025-04-17,37.43,overdue,
153,22,2025-05-17,37.43,pending,
154,22,2025-06-16,37.43,overdue,
155,22,2025-07-16,37.43,overdue,
156,22,2025-08-15,37.43,paid,2025-09-02T04:27:52
157,23,2024-09-01,40.5,pending,
158,23,2024-10-01,40.5,overdue,
159,23,2024-10-31,40.5,overdue,
160,23,2024-11-30,40.5,overdue,
161,23,2024-12-30,40.5,paid,2025-01-06T16:04:33
162,23,2025-01-29,40.5,paid,2025-02-23T21:25:46
163,23,2025-02-28,40.5,pending,
164,23,2025-03-30,40.5,paid,2025-04-02T14:50:34
165,23,2025-04-29,40.5,pending,
166,23,2025-05-29,40.5,paid,2025-06-10T00:51:16
167,23,2025-06-28,40.5,paid,2025-07-27T03:49:27
168,23,2025-07-28,40.5,overdue,
169,24,2024-11-12,33.51,overdue,
170,24,2024-12-12,33.51,paid,2025-01-04T09:27:36
171,24,2025-01-11,33.51,overdue,
172,24,2025-02-10,33.51,paid,2025-02-26T23:47:35
173,24,2025-03-12,33.51,overdue,
174,24,2025-04-11,33.51,overdue,
175,24,2025-05-11,33.51,pending,
176,25,2024-10-21,37.69,pending,
177,25,2024-11-20,37.69,overdue,
178,25,2024-12-20,37.69,overdue,
179,25,2025-01-19,37.69,paid,2025-02-02T15:14:09
180,25,2025-02-18,37.69,pending,
181,25,2025-03-20,37.69,paid,2025-04-14T19:12:39
182,25,2025-04-19,37.69,pending,
183,25,2025-05-19,37.69,overdue,
184,26,2025-05-04,36.76,paid,2025-05-21T05:23:57
185,26,2025-06-03,36.76,pending,
186,26,2025-07-03,36.76,pending,
187,26,2025-08-02,36.76,pending,
188,26,2025-09-01,36.76,pending,
189,26,2025-10-01,36.76,pending,
190,26,2025-10-31,36.76,pending,
191,26,2025-11-30,36.76,pending,
192,26,2025-12-30,36.76,pending,
193,26,2026-01-29,36.76,overdue,
194,26,2026-02-28,36.76,overdue,
195,27,2023-08-05,34.62,paid,2023-09-01T22:35:14
196,27,2023-09-04,34.62,paid,2023-09-08T09:30:44
197,27,2023-10-04,34.62,pending,
198,27,2023-11-03,34.62,overdue,
199,27,2023-12-03,34.62,pending,
200,27,2024-01-02,34.62,pending,
201,27,2024-02-01,34.62,pending,
202,28,2024-12-26,32.1,overdue,
203,29,2025-05-25,27.06,pending,
204,30,2024-05-28,35.91,pending,
205,30,2024-06-27,35.91,overdue,
206,30,2024-07-27,35.91,paid,2024-08-08T21:59:19
207,30,2024-08-26,35.91,pending,
208,30,2024-09-25,35.91,pending,
209,30,2024-10-25,35.91,overdue,
210,30,2024-11-24,35.91,pending,
211,30,2024-12-24,35.91,pending,
212,30,2025-01-23,35.91,pending,
213,30,2025-02-22,35.91,paid,2025-02-27T13:16:52
214,30,2025-03-24,35.91,overdue,
215,31,2025-04-01,35.05,overdue,
216,31,2025-05-01,35.05,pending,
217,31,2025-05-31,35.05,pending,
218,31,2025-06-30,35.05,overdue,
219,32,2025-04-05,34.99,pending,
220,32,2025-05-05,34.99,paid,2025-05-21T11:51:41
221,33,2023-08-09,35.43,paid,2023-09-06T16:44:51
222,33,2023-09-08,35.43,pending,
223,34,2024-06-08,43.07,paid,2024-06-10T20:40:24
224,34,2024-07-08,43.07,pending,
225,35,2023-09-01,31.06,pending,
226,35,2023-10-01,31.06,overdue,
227,35,2023-10-31,31.06,paid,2023-11-15T08:10:47
228,35,2023-11-30,31.06,pending,
229,35,2023-12-30,31.06,overdue,
230,35,2024-01-29,31.06,paid,2024-01-29T03:13:58
231,35,2024-02-28,31.06,overdue,
232,35,2024-03-29,31.06,pending,
233,35,2024-04-28,31.06,paid,2024-05-23T17:39:57
234,35,2024-05-28,31.06,pending,
235,35,2024-06-27,31.06,overdue,
236,35,2024-07-27,31.06,paid,2024-08-18T22:58:07
237,36,2025-06-08,31.99,overdue,
238,36,2025-07-08,31.99,pending,
239,37,2024-03-25,42.14,pending,
240,38,2024-10-24,33.29,paid,2024-11-22T18:00:07
241,38,2024-11-23,33.29,overdue,
242,38,2024-12-23,33.29,paid,2024-12-24T16:39:35
243,38,2025-01-22,33.29,paid,2025-02-10T22:20:54
244,38,2025-02-21,33.29,overdue,
245,38,2025-03-23,33.29,pending,
246,38,2025-04-22,33.29,paid,2025-05-06T04:24:13
247,38,2025-05-22,33.29,paid,2025-06-02T22:18:36
248,38,2025-06-21,33.29,paid,2025-07-03T04:47:00
249,38,2025-07-21,33.29,pending,
250,39,2023-12-08,29.12,pending,
251,40,2023-12-30,28.57,pending,
252,40,2024-01-29,28.57,pending,
253,40,2024-02-28,28.57,paid,2024-03-11T09:05:52
254,40,2024-03-29,28.57,paid,2024-04-10T19:17:52
255,40,2024-04-28,28.57,overdue,
256,40,2024-05-28,28.57,paid,2024-06-01T06:23:34
257,40,2024-06-27,28.57,paid,2024-06-29T21:49:41
258,40,2024-07-27,28.57,pending,
259,41,2024-08-09,36.67,pending,
260,42,2023-08-10,33.16,pending,
261,42,2023-09-09,33.16,paid,2023-09-17T11:44:13
262,42,2023-10-09,33.16,overdue,
263,42,2023-11-08,33.16,paid,2023-11-21T07:02:28
264,42,2023-12-08,33.16,overdue,
265,42,2024-01-07,33.16,pending,
266,42,2024-02-06,33.16,paid,2024-02-19T23:07:42
267,42,2024-03-07,33.16,pending,
268,42,2024-04-06,33.16,pending,
269,42,2024-05-06,33.16,pending,
270,42,2024-06-05,33.16,pending,
271,42,2024-07-05,33.16,pending,
272,43,2025-04-28,27.41,paid,2025-05-01T19:09:21
273,43,2025-05-28,27.41,paid,2025-06-04T15:22:32
274,43,2025-06-27,27.41,overdue,
275,44,2023-12-06,41.37,overdue,
276,44,2024-01-05,41.37,overdue,
277,45,2024-04-19,29.4,overdue,
278,45,2024-05-19,29.4,overdue,
279,45,2024-06-18,29.4,overdue,
280,45,2024-07-18,29.4,paid,2024-07-18T19:26:13
281,45,2024-08-17,29.4,pending,
282,45,2024-09-16,29.4,overdue,
283,45,2024-10-16,29.4,pending,
284,45,2024-11-15,29.4,paid,2024-11-24T21:46:52
285,45,2024-12-15,29.4,overdue,
286,45,2025-01-14,29.4,pending,
287,46,2025-01-24,34.55,overdue,
288,47,2024-12-07,26.18,pending,
289,47,2025-01-06,26.18,pending,
290,47,2025-02-05,26.18,overdue,
291,47,2025-03-07,26.18,overdue,
292,47,2025-04-06,26.18,paid,2025-05-04T20:23:51
293,47,2025-05-06,26.18,paid,2025-06-03T22:45:49
294,47,2025-06-05,26.18,overdue,
295,47,2025-07-05,26.18,paid,2025-08-03T01:38:23
296,47,2025-08-04,26.18,paid,2025-08-07T17:23:30
297,48,2024-07-27,26.74,paid,2024-08-10T20:53:18
298,48,2024-08-26,26.74,overdue,
299,48,2024-09-25,26.74,overdue,
300,49,2024-05-04,36.9,paid,2024-05-30T14:56:04
301,49,2024-06-03,36.9,paid,2024-06-08T14:15:32
302,50,2023-07-31,35.23,pending,
303,50,2023-08-30,35.23,pending,
304,50,2023-09-29,35.23,overdue,
305,50,2023-10-29,35.23,overdue,
306,51,2025-04-01,29.17,paid,2025-04-12T03:14:19
307,51,2025-05-01,29.17,paid,2025-05-14T19:51:25
308,51,2025-05-31,29.17,overdue,
309,51,2025-06-30,29.17,paid,2025-07-21T01:53:40
310,51,2025-07-30,29.17,overdue,
311,51,2025-08-29,29.17,paid,2025-09-10T21:42:39
312,51,2025-09-28,29.17,overdue,
313,52,2023-12-28,42.73,overdue,
314,52,2024-01-27,42.73,overdue,
315,52,2024-02-26,42.73,overdue,
316,52,2024-03-27,42.73,overdue,
317,52,2024-04-26,42.73,paid,2024-05-03T21:59:23
318,52,2024-05-26,42.73,overdue,
319,52,2024-06-25,42.73,paid,2024-07-04T05:58:25
320,52,2024-07-25,42.73,paid,2024-08-14T09:35:55
321,52,2024-08-24,42.73,pending,
322,52,2024-09-23,42.73,paid,2024-09-30T11:42:15
323,52,2024-10-23,42.73,pending,
324,52,2024-11-22,42.73,paid,2024-12-19T10:30:39
325,53,2024-11-13,34.8,paid,2024-12-08T06:50:17
326,53,2024-12-13,34.8,pending,
327,53,2025-01-12,34.8,overdue,
328,53,2025-02-11,34.8,overdue,
329,54,2024-12-24,39.25,overdue,
330,54,2025-01-23,39.25,overdue,
331,54,2025-02-22,39.25,pending,
332,54,2025-03-24,39.25,pending,
333,54,2025-04-23,39.25,pending,
334,54,2025-05-23,39.25,overdue,
335,54,2025-06-22,39.25,overdue,
336,54,2025-07-22,39.25,pending,
337,55,2023-10-14,35.19,overdue,
338,56,2024-12-02,35.44,overdue,
339,57,2024-03-06,37.91,overdue,
340,57,2024-04-05,37.91,pending,
341,57,2024-05-05,37.91,overdue,
342,57,2024-06-04,37.91,pending,
343,57,2024-07-04,37.91,paid,2024-08-02T09:16:35
344,57,2024-08-03,37.91,pending,
345,57,2024-09-02,37.91,overdue,
346,57,2024-10-02,37.91,paid,2024-10-14T22:24:55
347,57,2024-11-01,37.91,overdue,
348,58,2025-04-03,34.07,overdue,
349,58,2025-05-03,34.07,paid,2025-05-10T10:16:20
350,58,2025-06-02,34.07,pending,
351,58,2025-07-02,34.07,overdue,
352,59,2023-12-03,32.32,pending,
353,59,2024-01-02,32.32,paid,2024-01-20T00:52:47
354,59,2024-02-01,32.32,pending,
355,59,2024-03-02,32.32,overdue,
356,59,2024-04-01,32.32,paid,2024-04-09T10:22:21
357,59,2024-05-01,32.32,overdue,
358,59,2024-05-31,32.32,paid,2024-06-06T05:40:35
359,59,2024-06-30,32.32,pending,
360,60,2024-06-26,31.5,pending,
361,60,2024-07-26,31.5,overdue,
362,60,2024-08-25,31.5,overdue,
363,60,2024-09-24,31.5,pending,
364,60,2024-10-24,31.5,pending,
365,60,2024-11-23,31.5,overdue,
366,60,2024-12-23,31.5,paid,2025-01-16T12:45:02
367,60,2025-01-22,31.5,overdue,
368,60,2025-02-21,31.5,pending,
369,60,2025-03-23,31.5,overdue,
370,60,2025-04-22,31.5,pending,
371,61,2024-08-14,34.88,pending,
372,61,2024-09-13,34.88,pending,
373,61,2024-10-13,34.88,pending,
374,61,2024-11-12,34.88,overdue,
375,61,2024-12-12,34.88,overdue,
376,61,2025-01-11,34.88,paid,2025-02-04T20:07:20
377,61,2025-02-10,34.88,paid,2025-03-09T03:16:18
378,61,2025-03-12,34.88,pending,
379,62,2023-09-27,39.71,pending,
380,62,2023-10-27,39.71,pending,
381,62,2023-11-26,39.71,paid,2023-11-26T07:34:33
382,63,2024-04-18,25.95,pending,
383,63,2024-05-18,25.95,pending,
384,64,2025-04-19,33.69,pending,
385,64,2025-05-19,33.69,paid,2025-05-25T05:16:39
386,64,2025-06-18,33.69,pending,
387,64,2025-07-18,33.69,overdue,
388,64,2025-08-17,33.69,paid,2025-09-01T07:23:10
389,64,2025-09-16,33.69,pending,
390,64,2025-10-16,33.69,paid,2025-10-31T04:55:44
391,64,2025-11-15,33.69,overdue,
392,64,2025-12-15,33.69,pending,
393,64,2026-01-14,33.69,overdue,
394,64,2026-02-13,33.69,paid,2026-02-28T17:52:05
395,64,2026-03-15,33.69,paid,2026-03-17T22:41:08
396,65,2023-07-28,36.78,pending,
397,65,2023-08-27,36.78,overdue,
398,65,2023-09-26,36.78,pending,
399,65,2023-10-26,36.78,paid,2023-11-20T10:40:08
400,65,2023-11-25,36.78,overdue,
401,65,2023-12-25,36.78,paid,2024-01-07T19:05:49
402,65,2024-01-24,36.78,paid,2024-01-28T23:16:57
403,65,2024-02-23,36.78,pending,
404,65,2024-03-24,36.78,overdue,
405,65,2024-04-23,36.78,overdue,
406,65,2024-05-23,36.78,paid,2024-06-06T14:49:46
407,66,2024-06-27,36.89,paid,2024-07-08T20:43:43
408,66,2024-07-27,36.89,overdue,
409,66,2024-08-26,36.89,overdue,
410,66,2024-09-25,36.89,overdue,
411,66,2024-10-25,36.89,paid,2024-11-03T00:27:15
412,66,2024-11-24,36.89,overdue,
413,67,2023-07-31,35.35,overdue,
414,67,2023-08-30,35.35,overdue,
415,67,2023-09-29,35.35,pending,
416,67,2023-10-29,35.35,pending,
417,67,2023-11-28,35.35,overdue,
418,67,2023-12-28,35.35,overdue,
419,67,2024-01-27,35.35,overdue,
420,68,2025-04-04,30.45,overdue,
421,68,2025-05-04,30.45,pending,
422,68,2025-06-03,30.45,overdue,
423,68,2025-07-03,30.45,paid,2025-07-04T04:37:21
424,68,2025-08-02,30.45,pending,
425,68,2025-09-01,30.45,overdue,
426,69,2024-09-07,43.21,overdue,
427,69,2024-10-07,43.21,pending,
428,69,2024-11-06,43.21,pending,
429,69,2024-12-06,43.21,pending,
430,69,2025-01-05,43.21,overdue,
431,69,2025-02-04,43.21,paid,2025-02-12T00:05:48
432,69,2025-03-06,43.21,overdue,
433,69,2025-04-05,43.21,pending,
434,69,2025-05-05,43.21,paid,2025-05-30T10:00:11
435,70,2024-02-28,25.66,paid,2024-03-12T18:22:44
436,70,2024-03-29,25.66,paid,2024-04-11T05:03:45
437,70,2024-04-28,25.66,pending,
438,70,2024-05-28,25.66,overdue,
439,70,2024-06-27,25.66,overdue,
440,70,2024-07-27,25.66,paid,2024-08-01T10:37:10
441,71,2024-06-04,26.82,pending,
442,71,2024-07-04,26.82,paid,2024-07-27T15:10:10
443,71,2024-08-03,26.82,overdue,
444,71,2024-09-02,26.82,overdue,
445,71,2024-10-02,26.82,pending,
446,71,2024-11-01,26.82,pending,
447,71,2024-12-01,26.82,overdue,
448,72,2025-02-06,41.32,paid,2025-02-12T13:10:54
449,72,2025-03-08,41.32,pending,
450,72,2025-04-07,41.32,pending,
451,72,2025-05-07,41.32,paid,2025-05-15T12:09:52
452,72,2025-06-06,41.32,overdue,
453,72,2025-07-06,41.32,overdue,
454,72,2025-08-05,41.32,paid,2025-08-05T08:54:00
455,72,2025-09-04,41.32,paid,2025-09-20T03:33:39
456,72,2025-10-04,41.32,paid,2025-10-08T05:58:56
457,72,2025-11-03,41.32,pending,
458,73,2024-09-04,42.3,paid,2024-09-07T08:22:49
459,73,2024-10-04,42.3,paid,2024-10-13T09:28:35
460,73,2024-11-03,42.3,paid,2024-11-04T18:01:04
461,73,2024-12-03,42.3,pending,
462,73,2025-01-02,42.3,pending,
463,73,2025-02-01,42.3,overdue,
464,73,2025-03-03,42.3,paid,2025-03-29T02:39:36
465,73,2025-04-02,42.3,overdue,
466,74,2025-06-20,34.27,overdue,
467,75,2025-03-03,33.4,paid,2025-04-01T19:06:55
468,75,2025-04-02,33.4,pending,
469,75,2025-05-02,33.4,overdue,
470,75,2025-06-01,33.4,paid,2025-06-18T05:17:21
471,75,2025-07-01,33.4,pending,
472,75,2025-07-31,33.4,paid,2025-08-02T08:37:43
473,75,2025-08-30,33.4,paid,2025-09-11T22:12:59
474,75,2025-09-29,33.4,paid,2025-10-17T13:48:25
475,75,2025-10-29,33.4,overdue,
476,75,2025-11-28,33.4,overdue,
477,76,2023-10-09,31.47,pending,
478,76,2023-11-08,31.47,overdue,
479,76,2023-12-08,31.47,overdue,
480,76,2024-01-07,31.47,overdue,
481,76,2024-02-06,31.47,pending,
482,76,2024-03-07,31.47,pending,
483,76,2024-04-06,31.47,pending,
484,76,2024-05-06,31.47,overdue,
485,76,2024-06-05,31.47,pending,
486,76,2024-07-05,31.47,overdue,
487,76,2024-08-04,31.47,pending,
488,76,2024-09-03,31.47,paid,2024-09-26T13:52:09
489,77,2023-08-22,27.36,overdue,
490,78,2025-01-22,34.18,overdue,
491,78,2025-02-21,34.18,paid,2025-03-04T19:01:02
492,78,2025-03-23,34.18,paid,2025-04-07T06:38:25
493,78,2025-04-22,34.18,overdue,
494,78,2025-05-22,34.18,paid,2025-05-27T19:11:25
495,79,2024-05-18,35.23,overdue,
496,79,2024-06-17,35.23,pending,
497,79,2024-07-17,35.23,overdue,
498,79,2024-08-16,35.23,paid,2024-09-14T18:38:30
499,79,2024-09-15,35.23,pending,
500,79,2024-10-15,35.23,pending,
501,79,2024-11-14,35.23,paid,2024-11-22T18:13:17
502,80,2024-10-14,31.89,pending,
503,80,2024-11-13,31.89,overdue,
504,80,2024-12-13,31.89,pending,
505,80,2025-01-12,31.89,overdue,
506,80,2025-02-11,31.89,pending,
507,80,2025-03-13,31.89,pending,
508,80,2025-04-12,31.89,overdue,
509,80,2025-05-12,31.89,pending,
510,80,2025-06-11,31.89,paid,2025-07-07T22:12:29
511,81,2024-11-04,30.22,paid,2024-11-23T23:21:20
512,81,2024-12-04,30.22,pending,
513,81,2025-01-03,30.22,pending,
514,81,2025-02-02,30.22,paid,2025-02-09T10:49:48
515,81,2025-03-04,30.22,pending,
516,82,2024-04-26,36.03,overdue,
517,82,2024-05-26,36.03,paid,2024-05-29T19:54:14
518,83,2024-08-30,34.39,paid,2024-09-11T03:39:15
519,83,2024-09-29,34.39,overdue,
520,83,2024-10-29,34.39,paid,2024-11-03T20:50:05
521,84,2023-08-03,39.84,pending,
522,84,2023-09-02,39.84,paid,2023-09-19T04:45:26
523,84,2023-10-02,39.84,pending,
524,84,2023-11-01,39.84,pending,
525,84,2023-12-01,39.84,paid,2023-12-24T22:01:18
526,84,2023-12-31,39.84,paid,2024-01-12T02:08:23
527,84,2024-01-30,39.84,overdue,
528,84,2024-02-29,39.84,overdue,
529,85,2024-02-01,33.82,overdue,
530,85,2024-03-02,33.82,pending,
531,85,2024-04-01,33.82,overdue,
532,85,2024-05-01,33.82,paid,2024-05-23T20:07:50
533,86,2025-03-21,42.13,paid,2025-04-13T13:25:03
534,86,2025-04-20,42.13,pending,
535,86,2025-05-20,42.13,paid,2025-05-25T08:56:08
536,86,2025-06-19,42.13,overdue,
537,86,2025-07-19,42.13,paid,2025-08-01T07:04:35
538,86,2025-08-18,42.13,paid,2025-08-18T07:05:34
539,86,2025-09-17,42.13,paid,2025-09-24T17:01:39
540,86,2025-10-17,42.13,pending,
541,86,2025-11-16,42.13,paid,2025-12-07T14:11:00
542,86,2025-12-16,42.13,pending,
543,87,2024-03-09,39.63,overdue,
544,88,2024-03-17,34.67,paid,2024-04-05T21:07:35
545,88,2024-04-16,34.67,paid,2024-05-02T02:49:22
546,88,2024-05-16,34.67,overdue,
547,89,2024-10-28,41.46,paid,2024-11-03T08:12:02
548,89,2024-11-27,41.46,overdue,
549,89,2024-12-27,41.46,paid,2025-01-21T21:14:22
550,89,2025-01-26,41.46,paid,2025-02-24T22:44:56
551,89,2025-02-25,41.46,paid,2025-03-10T11:33:54
552,90,2023-12-22,28.51,paid,2024-01-17T03:08:41
553,90,2024-01-21,28.51,overdue,
554,90,2024-02-20,28.51,paid,2024-02-29T04:00:08
555,91,2025-05-17,29.01,paid,2025-06-01T12:19:31
556,91,2025-06-16,29.01,pending,
557,91,2025-07-16,29.01,overdue,
558,92,2024-06-08,38.32,pending,
559,92,2024-07-08,38.32,pending,
560,92,2024-08-07,38.32,pending,
561,92,2024-09-06,38.32,pending,
562,92,2024-10-06,38.32,paid,2024-10-27T08:29:44
563,92,2024-11-05,38.32,overdue,
564,92,2024-12-05,38.32,paid,2024-12-26T03:00:54
565,92,2025-01-04,38.32,overdue,
566,92,2025-02-03,38.32,pending,
567,92,2025-03-05,38.32,paid,2025-03-23T11:12:49
568,93,2023-12-27,37.66,paid,2024-01-07T11:11:34
569,93,2024-01-26,37.66,overdue,
570,93,2024-02-25,37.66,pending,
571,93,2024-03-26,37.66,overdue,
572,93,2024-04-25,37.66,paid,2024-05-17T09:11:09
573,93,2024-05-25,37.66,pending,
574,93,2024-06-24,37.66,paid,2024-07-05T04:54:06
575,93,2024-07-24,37.66,overdue,
576,93,2024-08-23,37.66,paid,2024-09-11T19:32:58
577,93,2024-09-22,37.66,paid,2024-10-20T08:35:11
578,93,2024-10-22,37.66,overdue,
579,94,2024-07-22,40.85,pending,
580,94,2024-08-21,40.85,paid,2024-08-29T04:13:46
581,94,2024-09-20,40.85,paid,2024-09-23T13:38:14
582,94,2024-10-20,40.85,paid,2024-10-22T20:02:44
583,94,2024-11-19,40.85,paid,2024-11-20T22:43:31
584,94,2024-12-19,40.85,pending,
585,94,2025-01-18,40.85,paid,2025-02-10T17:54:38
586,94,2025-02-17,40.85,paid,2025-03-08T18:48:50
587,94,2025-03-19,40.85,paid,2025-03-28T14:49:19
588,94,2025-04-18,40.85,pending,
589,95,2025-04-20,36.27,overdue,
590,95,2025-05-20,36.27,pending,
591,95,2025-06-19,36.27,pending,
592,95,2025-07-19,36.27,pending,
593,95,2025-08-18,36.27,pending,
594,95,2025-09-17,36.27,paid,2025-10-09T15:07:21
595,95,2025-10-17,36.27,paid,2025-11-07T18:21:31
596,95,2025-11-16,36.27,overdue,
597,95,2025-12-16,36.27,overdue,
598,96,2025-04-13,38.39,pending,
599,97,2025-04-26,34.35,paid,2025-05-25T09:17:08
600,97,2025-05-26,34.35,paid,2025-05-31T14:15:52
601,97,2025-06-25,34.35,pending,
602,98,2025-02-01,34.58,paid,2025-02-15T21:13:35
603,98,2025-03-03,34.58,paid,2025-03-20T16:07:58
604,98,2025-04-02,34.58,paid,2025-04-16T11:25:47
605,98,2025-05-02,34.58,paid,2025-05-16T16:47:41
606,98,2025-06-01,34.58,pending,
607,98,2025-07-01,34.58,overdue,
608,98,2025-07-31,34.58,overdue,
609,98,2025-08-30,34.58,paid,2025-09-11T04:09:14
610,98,2025-09-29,34.58,pending,
611,98,2025-10-29,34.58,overdue,
612,98,2025-11-28,34.58,paid,2025-12-06T22:14:23
613,99,2023-12-21,38.53,paid,2023-12-27T21:04:42
614,100,2024-05-10,34.43,pending,
615,100,2024-06-09,34.43,paid,2024-07-08T15:28:13
616,100,2024-07-09,34.43,paid,2024-07-15T20:13:37
617,100,2024-08-08,34.43,paid,2024-08-10T10:18:48
618,101,2024-03-03,33.75,paid,2024-03-05T04:30:33
619,101,2024-04-02,33.75,overdue,
620,101,2024-05-02,33.75,overdue,
621,102,2024-03-16,28.03,pending,
622,102,2024-04-15,28.03,pending,
623,102,2024-05-15,28.03,pending,
624,102,2024-06-14,28.03,pending,
625,102,2024-07-14,28.03,paid,2024-08-01T06:18:00
626,103,2025-06-22,26.68,pending,
627,103,2025-07-22,26.68,paid,2025-07-28T03:55:52
628,103,2025-08-21,26.68,pending,
629,104,2023-09-28,38.39,overdue,
630,104,2023-10-28,38.39,overdue,
631,104,2023-11-27,38.39,overdue,
632,105,2024-11-19,33.59,paid,2024-11-19T03:07:02
633,105,2024-12-19,33.59,pending,
634,105,2025-01-18,33.59,paid,2025-01-18T09:14:25
635,105,2025-02-17,33.59,pending,
636,105,2025-03-19,33.59,overdue,
637,105,2025-04-18,33.59,pending,
638,105,2025-05-18,33.59,pending,
639,105,2025-06-17,33.59,pending,
640,105,2025-07-17,33.59,pending,
641,105,2025-08-16,33.59,paid,2025-09-11T04:28:28
642,105,2025-09-15,33.59,pending,
643,106,2024-04-23,37.11,overdue,
644,106,2024-05-23,37.11,pending,
645,106,2024-06-22,37.11,paid,2024-07-14T13:03:38
646,106,2024-07-22,37.11,overdue,
647,106,2024-08-21,37.11,paid,2024-08-30T03:13:59
648,106,2024-09-20,37.11,overdue,
649,106,2024-10-20,37.11,pending,
650,106,2024-11-19,37.11,overdue,
651,106,2024-12-19,37.11,pending,
652,106,2025-01-18,37.11,paid,2025-01-21T16:14:31
653,106,2025-02-17,37.11,pending,
654,107,2023-08-25,33.67,paid,2023-09-10T03:55:24
655,107,2023-09-24,33.67,overdue,
656,107,2023-10-24,33.67,overdue,
657,107,2023-11-23,33.67,paid,2023-12-03T08:16:58
658,107,2023-12-23,33.67,pending,
659,108,2025-05-15,33.14,overdue,
660,108,2025-06-14,33.14,pending,
661,108,2025-07-14,33.14,paid,2025-07-23T00:43:17
662,108,2025-08-13,33.14,paid,2025-08-27T10:54:13
663,108,2025-09-12,33.14,pending,
664,108,2025-10-12,33.14,paid,2025-10-22T10:54:03
665,109,2024-10-18,34.71,pending,
666,109,2024-11-17,34.71,overdue,
667,109,2024-12-17,34.71,overdue,
668,109,2025-01-16,34.71,pending,
669,110,2024-11-26,36.97,paid,2024-12-22T14:41:45
670,110,2024-12-26,36.97,overdue,
671,110,2025-01-25,36.97,pending,
672,110,2025-02-24,36.97,overdue,
673,110,2025-03-26,36.97,paid,2025-04-05T18:18:54
674,110,2025-04-25,36.97,pending,
675,110,2025-05-25,36.97,pending,
676,110,2025-06-24,36.97,pending,
677,110,2025-07-24,36.97,pending,
678,111,2025-04-07,33.62,paid,2025-04-25T22:32:40
679,111,2025-05-07,33.62,overdue,
680,111,2025-06-06,33.62,paid,2025-06-13T08:06:51
681,111,2025-07-06,33.62,paid,2025-07-30T17:31:01
682,111,2025-08-05,33.62,paid,2025-09-02T09:54:13
683,111,2025-09-04,33.62,overdue,
684,111,2025-10-04,33.62,overdue,
685,111,2025-11-03,33.62,pending,
686,111,2025-12-03,33.62,pending,
687,111,2026-01-02,33.62,overdue,
688,111,2026-02-01,33.62,paid,2026-02-21T23:25:35
689,112,2023-07-10,34.51,paid,2023-07-31T11:30:40
690,112,2023-08-09,34.51,paid,2023-08-25T20:34:17
691,112,2023-09-08,34.51,paid,2023-09-15T12:57:59
692,112,2023-10-08,34.51,pending,
693,112,2023-11-07,34.51,overdue,
694,112,2023-12-07,34.51,pending,
695,112,2024-01-06,34.51,pending,
696,112,2024-02-05,34.51,pending,
697,112,2024-03-06,34.51,overdue,
698,112,2024-04-05,34.51,paid,2024-04-09T03:15:17
699,113,2024-08-05,28.37,pending,
700,114,2023-09-22,37.87,pending,
701,115,2023-10-14,34.63,overdue,
702,115,2023-11-13,34.63,paid,2023-11-18T20:48:49
703,115,2023-12-13,34.63,paid,2023-12-22T16:44:30
704,115,2024-01-12,34.63,paid,2024-02-07T13:17:02
705,115,2024-02-11,34.63,paid,2024-03-07T01:33:14
706,115,2024-03-12,34.63,paid,2024-03-15T11:21:49
707,115,2024-04-11,34.63,paid,2024-04-12T07:12:40
708,115,2024-05-11,34.63,overdue,
709,115,2024-06-10,34.63,overdue,
710,115,2024-07-10,34.63,overdue,
711,116,2024-05-27,30.27,pending,
712,116,2024-06-26,30.27,paid,2024-06-29T11:25:26
713,116,2024-07-26,30.27,overdue,
714,116,2024-08-25,30.27,paid,2024-09-10T15:54:35
715,116,2024-09-24,30.27,overdue,
716,116,2024-10-24,30.27,paid,2024-11-20T01:44:39
717,116,2024-11-23,30.27,pending,
718,116,2024-12-23,30.27,pending,
719,117,2024-05-23,36.25,overdue,
720,117,2024-06-22,36.25,overdue,
721,117,2024-07-22,36.25,paid,2024-08-17T12:50:14
722,117,2024-08-21,36.25,pending,
723,117,2024-09-20,36.25,pending,
724,117,2024-10-20,36.25,paid,2024-10-26T05:52:53
725,118,2023-11-11,25.94,pending,
726,118,2023-12-11,25.94,pending,
727,118,2024-01-10,25.94,paid,2024-02-08T19:52:06
728,118,2024-02-09,25.94,paid,2024-02-10T16:15:07
729,118,2024-03-10,25.94,pending,
730,118,2024-04-09,25.94,pending,
731,118,2024-05-09,25.94,pending,
732,118,2024-06-08,25.94,pending,
733,118,2024-07-08,25.94,pending,
734,118,2024-08-07,25.94,overdue,
735,118,2024-09-06,25.94,overdue,
736,119,2024-02-03,39.6,paid,2024-02-22T21:07:54
737,119,2024-03-04,39.6,paid,2024-03-31T12:46:10
738,119,2024-04-03,39.6,paid,2024-04-19T11:06:38
739,119,2024-05-03,39.6,paid,2024-05-27T03:31:18
740,120,2025-06-08,33.82,overdue,
741,120,2025-07-08,33.82,pending,
742,121,2024-02-12,33.62,overdue,
743,121,2024-03-13,33.62,paid,2024-04-10T22:16:44
744,121,2024-04-12,33.62,paid,2024-04-17T17:59:02
745,121,2024-05-12,33.62,overdue,
746,121,2024-06-11,33.62,paid,2024-06-15T10:36:40
747,121,2024-07-11,33.62,pending,
748,121,2024-08-10,33.62,paid,2024-08-27T07:39:41
749,121,2024-09-09,33.62,pending,
750,121,2024-10-09,33.62,overdue,
751,121,2024-11-08,33.62,paid,2024-11-28T01:57:45
752,122,2025-05-26,33.77,overdue,
753,122,2025-06-25,33.77,overdue,
754,122,2025-07-25,33.77,overdue,
755,123,2023-08-04,39.39,overdue,
756,123,2023-09-03,39.39,paid,2023-09-24T06:31:01
757,123,2023-10-03,39.39,pending,
758,123,2023-11-02,39.39,overdue,
759,123,2023-12-02,39.39,pending,
760,123,2024-01-01,39.39,pending,
761,123,2024-01-31,39.39,paid,2024-02-29T16:28:17
762,124,2025-01-15,28.05,pending,
763,125,2024-10-01,38.4,paid,2024-10-28T04:21:07
764,126,2025-03-20,34.18,overdue,
765,126,2025-04-19,34.18,paid,2025-05-17T13:11:35
766,126,2025-05-19,34.18,pending,
767,126,2025-06-18,34.18,pending,
768,126,2025-07-18,34.18,overdue,
769,126,2025-08-17,34.18,paid,2025-08-22T07:05:05
770,126,2025-09-16,34.18,paid,2025-09-28T03:46:11
771,127,2023-09-19,35.04,overdue,
772,127,2023-10-19,35.04,overdue,
773,127,2023-11-18,35.04,paid,2023-11-22T11:04:51
774,127,2023-12-18,35.04,pending,
775,127,2024-01-17,35.04,overdue,
776,127,2024-02-16,35.04,paid,2024-02-22T22:00:41
777,127,2024-03-17,35.04,overdue,
778,127,2024-04-16,35.04,paid,2024-05-01T15:50:30
779,127,2024-05-16,35.04,pending,
780,128,2023-10-20,29.12,overdue,
781,128,2023-11-19,29.12,overdue,
782,128,2023-12-19,29.12,pending,
783,128,2024-01-18,29.12,overdue,
784,129,2024-11-28,39.66,paid,2024-12-02T21:31:15
785,129,2024-12-28,39.66,pending,
786,129,2025-01-27,39.66,overdue,
787,129,2025-02-26,39.66,pending,
788,130,2023-11-28,28.18,paid,2023-12-10T04:40:28
789,130,2023-12-28,28.18,overdue,
790,130,2024-01-27,28.18,paid,2024-02-01T09:28:41
791,130,2024-02-26,28.18,overdue,
792,130,2024-03-27,28.18,overdue,
793,130,2024-04-26,28.18,pending,
794,131,2025-01-16,38.59,pending,
795,131,2025-02-15,38.59,overdue,
796,131,2025-03-17,38.59,paid,2025-03-29T20:00:54
797,132,2024-06-04,39.06,overdue,
798,132,2024-07-04,39.06,pending,
799,133,2024-12-22,39.89,paid,2025-01-20T19:28:06
800,133,2025-01-21,39.89,pending,
801,133,2025-02-20,39.89,pending,
802,133,2025-03-22,39.89,overdue,
803,133,2025-04-21,39.89,paid,2025-05-04T13:09:03
804,133,2025-05-21,39.89,paid,2025-06-17T13:02:24
805,133,2025-06-20,39.89,overdue,
806,133,2025-07-20,39.89,paid,2025-07-25T16:31:41
807,134,2024-07-04,34.43,paid,2024-08-02T04:24:56
808,134,2024-08-03,34.43,paid,2024-08-14T12:38:20
809,134,2024-09-02,34.43,overdue,
810,134,2024-10-02,34.43,overdue,
811,134,2024-11-01,34.43,paid,2024-11-09T07:51:12
812,134,2024-12-01,34.43,pending,
813,135,2025-06-09,42.5,paid,2025-06-24T11:16:20
814,135,2025-07-09,42.5,paid,2025-08-07T02:45:35
815,135,2025-08-08,42.5,paid,2025-08-17T20:47:13
816,135,2025-09-07,42.5,overdue,
817,135,2025-10-07,42.5,overdue,
818,135,2025-11-06,42.5,overdue,
819,135,2025-12-06,42.5,overdue,
820,136,2023-07-19,34.38,pending,
821,136,2023-08-18,34.38,paid,2023-08-22T23:51:34
822,136,2023-09-17,34.38,overdue,
823,136,2023-10-17,34.38,overdue,
824,136,2023-11-16,34.38,pending,
825,136,2023-12-16,34.38,pending,
826,136,2024-01-15,34.38,pending,
827,136,2024-02-14,34.38,pending,
828,136,2024-03-15,34.38,pending,
829,137,2024-12-05,37.4,overdue,
830,137,2025-01-04,37.4,overdue,
831,137,2025-02-03,37.4,overdue,
832,137,2025-03-05,37.4,pending,
833,137,2025-04-04,37.4,pending,
834,137,2025-05-04,37.4,overdue,
835,137,2025-06-03,37.4,pending,
836,137,2025-07-03,37.4,overdue,
837,137,2025-08-02,37.4,paid,2025-08-14T22:24:30
838,137,2025-09-01,37.4,paid,2025-09-01T08:49:32
839,137,2025-10-01,37.4,paid,2025-10-21T13:26:03
840,138,2023-12-08,34.72,pending,
841,138,2024-01-07,34.72,paid,2024-01-08T15:19:40
842,138,2024-02-06,34.72,overdue,
843,139,2024-01-15,36.99,paid,2024-01-30T12:44:14
844,139,2024-02-14,36.99,paid,2024-03-14T21:27:49
845,139,2024-03-15,36.99,pending,
846,139,2024-04-14,36.99,overdue,
847,139,2024-05-14,36.99,paid,2024-06-03T18:52:41
848,139,2024-06-13,36.99,paid,2024-06-21T05:06:25
849,140,2024-12-07,38.52,paid,2024-12-11T05:28:03
850,140,2025-01-06,38.52,paid,2025-01-12T04:28:12
851,141,2023-12-12,34.33,overdue,
852,141,2024-01-11,34.33,paid,2024-02-03T12:34:00
853,141,2024-02-10,34.33,paid,2024-03-08T21:05:04
854,141,2024-03-11,34.33,pending,
855,141,2024-04-10,34.33,pending,
856,141,2024-05-10,34.33,paid,2024-05-17T07:12:44
857,141,2024-06-09,34.33,overdue,
858,142,2025-05-02,43.09,overdue,
859,142,2025-06-01,43.09,pending,
860,142,2025-07-01,43.09,paid,2025-07-04T18:44:44
861,142,2025-07-31,43.09,overdue,
862,142,2025-08-30,43.09,paid,2025-09-21T18:05:58
863,142,2025-09-29,43.09,pending,
864,142,2025-10-29,43.09,pending,
865,142,2025-11-28,43.09,overdue,
866,142,2025-12-28,43.09,pending,
867,143,2025-01-14,26.72,overdue,
868,143,2025-02-13,26.72,pending,
869,143,2025-03-15,26.72,paid,2025-03-21T01:18:47
870,143,2025-04-14,26.72,pending,
871,143,2025-05-14,26.72,pending,
872,143,2025-06-13,26.72,paid,2025-06-17T09:56:49
873,143,2025-07-13,26.72,paid,2025-08-06T21:38:25
874,143,2025-08-12,26.72,pending,
875,143,2025-09-11,26.72,paid,2025-09-17T09:38:11
876,143,2025-10-11,26.72,overdue,
877,143,2025-11-10,26.72,overdue,
878,144,2025-02-07,33.62,paid,2025-03-03T21:32:52
879,144,2025-03-09,33.62,paid,2025-03-16T23:15:19
880,144,2025-04-08,33.62,overdue,
881,144,2025-05-08,33.62,overdue,
882,145,2024-12-18,39.91,paid,2024-12-20T01:07:47
883,145,2025-01-17,39.91,pending,
884,145,2025-02-16,39.91,pending,
885,145,2025-03-18,39.91,overdue,
886,145,2025-04-17,39.91,paid,2025-04-27T13:08:02
887,145,2025-05-17,39.91,pending,
888,145,2025-06-16,39.91,pending,
889,145,2025-07-16,39.91,pending,
890,145,2025-08-15,39.91,overdue,
891,146,2024-07-04,38.15,paid,2024-07-12T07:35:33
892,146,2024-08-03,38.15,overdue,
893,147,2025-06-25,36.05,pending,
894,147,2025-07-25,36.05,paid,2025-08-17T10:48:06
895,147,2025-08-24,36.05,pending,
896,147,2025-09-23,36.05,paid,2025-09-29T06:19:08
897,147,2025-10-23,36.05,overdue,
898,147,2025-11-22,36.05,overdue,
899,147,2025-12-22,36.05,pending,
900,147,2026-01-21,36.05,paid,2026-01-26T20:01:55
901,147,2026-02-20,36.05,overdue,
902,147,2026-03-22,36.05,overdue,
903,147,2026-04-21,36.05,overdue,
904,148,2025-05-13,34.75,paid,2025-05-21T21:02:29
905,149,2023-10-30,32.11,pending,
906,149,2023-11-29,32.11,pending,
907,149,2023-12-29,32.11,pending,
908,149,2024-01-28,32.11,overdue,
909,149,2024-02-27,32.11,paid,2024-02-28T00:13:41
910,149,2024-03-28,32.11,paid,2024-04-02T09:31:15
911,150,2024-02-18,33.26,overdue,
912,150,2024-03-19,33.26,pending,
913,150,2024-04-18,33.26,overdue,
914,150,2024-05-18,33.26,overdue,
915,150,2024-06-17,33.26,overdue,
916,150,2024-07-17,33.26,pending,
917,150,2024-08-16,33.26,overdue,
918,151,2025-04-20,34.14,paid,2025-05-18T05:56:08
919,151,2025-05-20,34.14,pending,
920,151,2025-06-19,34.14,paid,2025-07-11T07:12:37
921,151,2025-07-19,34.14,paid,2025-08-12T12:07:09
922,151,2025-08-18,34.14,paid,2025-08-30T04:39:31
923,151,2025-09-17,34.14,paid,2025-10-04T16:19:38
924,151,2025-10-17,34.14,overdue,
925,152,2024-11-17,30.11,pending,
926,152,2024-12-17,30.11,paid,2024-12-25T17:52:01
927,152,2025-01-16,30.11,paid,2025-02-10T16:14:31
928,152,2025-02-15,30.11,pending,
929,152,2025-03-17,30.11,overdue,
930,153,2025-05-02,29.74,overdue,
931,153,2025-06-01,29.74,paid,2025-06-28T10:09:27
932,153,2025-07-01,29.74,pending,
933,153,2025-07-31,29.74,pending,
934,153,2025-08-30,29.74,overdue,
935,154,2024-02-14,38.89,pending,
936,155,2025-03-24,39.48,overdue,
937,156,2023-12-03,29.66,overdue,
938,156,2024-01-02,29.66,paid,2024-01-19T06:23:01
939,156,2024-02-01,29.66,overdue,
940,156,2024-03-02,29.66,pending,
941,157,2024-08-21,35.59,pending,
942,157,2024-09-20,35.59,paid,2024-09-26T13:34:25
943,157,2024-10-20,35.59,pending,
944,157,2024-11-19,35.59,pending,
945,158,2024-10-24,35.77,overdue,
946,158,2024-11-23,35.77,overdue,
947,158,2024-12-23,35.77,pending,
948,158,2025-01-22,35.77,paid,2025-02-19T00:54:57
949,158,2025-02-21,35.77,pending,
950,158,2025-03-23,35.77,overdue,
951,158,2025-04-22,35.77,overdue,
952,158,2025-05-22,35.77,paid,2025-06-03T06:08:38
953,158,2025-06-21,35.77,overdue,
954,158,2025-07-21,35.77,pending,
955,158,2025-08-20,35.77,overdue,
956,158,2025-09-19,35.77,overdue,
957,159,2024-07-16,34.5,paid,2024-07-16T14:07:04
958,159,2024-08-15,34.5,paid,2024-09-01T07:01:23
959,159,2024-09-14,34.5,overdue,
960,159,2024-10-14,34.5,paid,2024-11-08T16:25:28
961,159,2024-11-13,34.5,pending,
962,159,2024-12-13,34.5,paid,2024-12-18T16:57:00
963,159,2025-01-12,34.5,overdue,
964,159,2025-02-11,34.5,pending,
965,159,2025-03-13,34.5,overdue,
966,160,2024-08-11,32.74,pending,
967,160,2024-09-10,32.74,pending,
968,160,2024-10-10,32.74,pending,
969,160,2024-11-09,32.74,overdue,
970,160,2024-12-09,32.74,paid,2025-01-03T07:02:24
971,160,2025-01-08,32.74,pending,
972,160,2025-02-07,32.74,overdue,
973,160,2025-03-09,32.74,overdue,
974,160,2025-04-08,32.74,pending,
975,160,2025-05-08,32.74,paid,2025-05-10T02:21:57
976,161,2024-03-31,32.18,paid,2024-04-04T21:37:40
977,161,2024-04-30,32.18,paid,2024-05-11T22:39:22
978,161,2024-05-30,32.18,overdue,
979,161,2024-06-29,32.18,pending,
980,161,2024-07-29,32.18,pending,
981,162,2024-10-07,29.85,paid,2024-10-29T17:24:37
982,163,2024-07-04,41.76,paid,2024-07-18T14:19:16
983,163,2024-08-03,41.76,paid,2024-08-09T14:56:40
984,163,2024-09-02,41.76,overdue,
985,163,2024-10-02,41.76,pending,
986,163,2024-11-01,41.76,overdue,
987,163,2024-12-01,41.76,paid,2024-12-27T18:51:25
988,164,2025-05-17,33.42,paid,2025-06-03T01:21:52
989,164,2025-06-16,33.42,pending,
990,164,2025-07-16,33.42,pending,
991,164,2025-08-15,33.42,overdue,
992,164,2025-09-14,33.42,paid,2025-09-15T17:37:06
993,164,2025-10-14,33.42,pending,
994,164,2025-11-13,33.42,pending,
995,164,2025-12-13,33.42,overdue,
996,164,2026-01-12,33.42,pending,
997,164,2026-02-11,33.42,paid,2026-03-04T14:18:36
998,164,2026-03-13,33.42,overdue,
999,164,2026-04-12,33.42,paid,2026-05-11T17:34:03
1000,165,2025-06-18,40.6,pending,
1001,165,2025-07-18,40.6,pending,
1002,165,2025-08-17,40.6,overdue,
1003,165,2025-09-16,40.6,paid,2025-10-01T19:07:41
1004,165,2025-10-16,40.6,pending,
1005,165,2025-11-15,40.6,pending,
1006,165,2025-12-15,40.6,pending,
1007,165,2026-01-14,40.6,pending,
1008,165,2026-02-13,40.6,overdue,
1009,165,2026-03-15,40.6,pending,
1010,165,2026-04-14,40.6,pending,
1011,166,2025-04-04,37.19,overdue,
1012,166,2025-05-04,37.19,overdue,
1013,166,2025-06-03,37.19,pending,
1014,166,2025-07-03,37.19,overdue,
1015,166,2025-08-02,37.19,overdue,
1016,166,2025-09-01,37.19,paid,2025-09-19T01:44:14
1017,166,2025-10-01,37.19,overdue,
1018,166,2025-10-31,37.19,overdue,
1019,167,2025-01-31,33.72,paid,2025-02-01T14:39:57
1020,167,2025-03-02,33.72,paid,2025-03-15T19:55:11
1021,168,2024-10-28,33.34,pending,
1022,168,2024-11-27,33.34,overdue,
1023,168,2024-12-27,33.34,pending,
1024,168,2025-01-26,33.34,paid,2025-02-20T12:36:01
1025,168,2025-02-25,33.34,pending,
1026,168,2025-03-27,33.34,overdue,
1027,168,2025-04-26,33.34,paid,2025-05-16T08:18:16
1028,168,2025-05-26,33.34,overdue,
1029,168,2025-06-25,33.34,paid,2025-07-22T12:50:32
1030,168,2025-07-25,33.34,paid,2025-07-28T08:36:56
1031,169,2025-02-08,32.86,overdue,
1032,169,2025-03-10,32.86,overdue,
1033,169,2025-04-09,32.86,overdue,
1034,169,2025-05-09,32.86,overdue,
1035,170,2024-12-02,39.56,paid,2024-12-21T09:22:17
1036,170,2025-01-01,39.56,pending,
1037,170,2025-01-31,39.56,overdue,
1038,170,2025-03-02,39.56,paid,2025-03-22T03:07:02
1039,170,2025-04-01,39.56,overdue,
1040,170,2025-05-01,39.56,overdue,
1041,171,2024-06-14,31.5,pending,
1042,171,2024-07-14,31.5,pending,
1043,171,2024-08-13,31.5,overdue,
1044,171,2024-09-12,31.5,pending,
1045,171,2024-10-12,31.5,overdue,
1046,171,2024-11-11,31.5,paid,2024-11-28T08:07:01
1047,171,2024-12-11,31.5,paid,2024-12-12T01:46:51
1048,171,2025-01-10,31.5,pending,
1049,171,2025-02-09,31.5,overdue,
1050,171,2025-03-11,31.5,overdue,
1051,172,2024-09-05,34.28,paid,2024-09-17T14:23:44
1052,172,2024-10-05,34.28,pending,
1053,172,2024-11-04,34.28,paid,2024-11-24T11:46:42
1054,172,2024-12-04,34.28,pending,
1055,172,2025-01-03,34.28,overdue,
1056,172,2025-02-02,34.28,overdue,
1057,172,2025-03-04,34.28,pending,
1058,172,2025-04-03,34.28,paid,2025-05-01T00:05:21
1059,172,2025-05-03,34.28,overdue,
1060,172,2025-06-02,34.28,pending,
1061,172,2025-07-02,34.28,paid,2025-07-26T20:49:00
1062,172,2025-08-01,34.28,pending,
1063,173,2024-04-11,41.17,overdue,
1064,173,2024-05-11,41.17,paid,2024-06-07T17:30:43
1065,173,2024-06-10,41.17,paid,2024-06-28T10:46:08
1066,173,2024-07-10,41.17,paid,2024-08-06T14:49:50
1067,173,2024-08-09,41.17,pending,
1068,173,2024-09-08,41.17,pending,
1069,174,2024-11-04,40.24,paid,2024-11-20T17:59:32
1070,175,2025-01-22,31.36,pending,
1071,175,2025-02-21,31.36,paid,2025-03-05T22:25:48
1072,175,2025-03-23,31.36,paid,2025-03-28T19:42:32
1073,175,2025-04-22,31.36,pending,
1074,175,2025-05-22,31.36,overdue,
1075,175,2025-06-21,31.36,pending,
1076,175,2025-07-21,31.36,pending,
1077,175,2025-08-20,31.36,pending,
1078,176,2024-01-09,35.57,pending,
1079,176,2024-02-08,35.57,overdue,
1080,176,2024-03-09,35.57,paid,2024-03-22T21:26:34
1081,176,2024-04-08,35.57,overdue,
1082,176,2024-05-08,35.57,paid,2024-06-06T14:31:21
1083,176,2024-06-07,35.57,overdue,
1084,176,2024-07-07,35.57,pending,
1085,177,2024-10-13,42.66,overdue,
1086,177,2024-11-12,42.66,paid,2024-12-10T15:19:56
1087,177,2024-12-12,42.66,paid,2025-01-06T17:04:51
1088,177,2025-01-11,42.66,pending,
1089,177,2025-02-10,42.66,overdue,
1090,177,2025-03-12,42.66,paid,2025-04-06T02:36:33
1091,177,2025-04-11,42.66,pending,
1092,177,2025-05-11,42.66,paid,2025-06-06T05:11:15
1093,177,2025-06-10,42.66,overdue,
1094,177,2025-07-10,42.66,pending,
1095,178,2024-10-04,33.7,pending,
1096,178,2024-11-03,33.7,overdue,
1097,178,2024-12-03,33.7,overdue,
1098,178,2025-01-02,33.7,pending,
1099,179,2025-01-21,25.87,overdue,
1100,179,2025-02-20,25.87,pending,
1101,179,2025-03-22,25.87,overdue,
1102,179,2025-04-21,25.87,overdue,
1103,180,2023-12-11,35.92,overdue,
1104,180,2024-01-10,35.92,paid,2024-01-29T22:38:30
1105,180,2024-02-09,35.92,paid,2024-02-12T18:00:23
1106,180,2024-03-10,35.92,paid,2024-03-29T02:07:12
1107,180,2024-04-09,35.92,pending,
1108,180,2024-05-09,35.92,paid,2024-05-23T08:33:58
1109,181,2024-02-12,36.67,pending,
1110,181,2024-03-13,36.67,overdue,
1111,181,2024-04-12,36.67,paid,2024-04-16T19:15:15
1112,181,2024-05-12,36.67,pending,
1113,181,2024-06-11,36.67,pending,
1114,181,2024-07-11,36.67,pending,
1115,181,2024-08-10,36.67,overdue,
1116,181,2024-09-09,36.67,overdue,
1117,181,2024-10-09,36.67,overdue,
1118,182,2024-05-08,29.81,overdue,
1119,182,2024-06-07,29.81,pending,
1120,182,2024-07-07,29.81,paid,2024-07-20T09:21:51
1121,182,2024-08-06,29.81,paid,2024-08-09T07:07:01
1122,182,2024-09-05,29.81,overdue,
1123,182,2024-10-05,29.81,paid,2024-10-19T02:46:41
1124,182,2024-11-04,29.81,paid,2024-11-11T14:31:25
1125,182,2024-12-04,29.81,paid,2024-12-22T03:07:44
1126,182,2025-01-03,29.81,pending,
1127,182,2025-02-02,29.81,pending,
1128,182,2025-03-04,29.81,overdue,
1129,182,2025-04-03,29.81,overdue,
1130,183,2024-06-13,36.17,overdue,
1131,183,2024-07-13,36.17,pending,
1132,183,2024-08-12,36.17,paid,2024-09-05T06:57:56
1133,183,2024-09-11,36.17,paid,2024-09-18T06:59:53
1134,183,2024-10-11,36.17,paid,2024-10-18T10:25:10
1135,184,2024-09-04,39.66,pending,
1136,184,2024-10-04,39.66,pending,
1137,184,2024-11-03,39.66,paid,2024-11-12T09:03:55
1138,184,2024-12-03,39.66,pending,
1139,184,2025-01-02,39.66,paid,2025-01-27T08:44:25
1140,184,2025-02-01,39.66,pending,
1141,184,2025-03-03,39.66,pending,
1142,184,2025-04-02,39.66,paid,2025-04-09T03:03:32
1143,184,2025-05-02,39.66,paid,2025-05-12T21:52:17
1144,185,2023-08-13,35.23,overdue,
1145,185,2023-09-12,35.23,overdue,
1146,185,2023-10-12,35.23,paid,2023-10-21T09:35:12
1147,185,2023-11-11,35.23,paid,2023-11-23T01:19:59
1148,185,2023-12-11,35.23,pending,
1149,185,2024-01-10,35.23,pending,
1150,185,2024-02-09,35.23,pending,
1151,185,2024-03-10,35.23,pending,
1152,185,2024-04-09,35.23,overdue,
1153,185,2024-05-09,35.23,pending,
1154,186,2023-07-03,29.15,overdue,
1155,186,2023-08-02,29.15,paid,2023-08-28T18:44:35
1156,186,2023-09-01,29.15,overdue,
1157,186,2023-10-01,29.15,pending,
1158,186,2023-10-31,29.15,overdue,
1159,186,2023-11-30,29.15,overdue,
1160,186,2023-12-30,29.15,paid,2024-01-23T05:07:25
1161,186,2024-01-29,29.15,pending,
1162,186,2024-02-28,29.15,overdue,
1163,186,2024-03-29,29.15,paid,2024-04-20T06:13:55
1164,186,2024-04-28,29.15,pending,
1165,186,2024-05-28,29.15,overdue,
1166,187,2024-12-02,41.89,overdue,
1167,187,2025-01-01,41.89,paid,2025-01-09T08:45:04
1168,187,2025-01-31,41.89,pending,
1169,187,2025-03-02,41.89,pending,
1170,187,2025-04-01,41.89,overdue,
1171,187,2025-05-01,41.89,paid,2025-05-10T05:19:32
1172,187,2025-05-31,41.89,pending,
1173,187,2025-06-30,41.89,paid,2025-07-12T07:16:37
1174,187,2025-07-30,41.89,overdue,
1175,187,2025-08-29,41.89,paid,2025-09-05T16:36:26
1176,187,2025-09-28,41.89,pending,
1177,188,2024-11-10,35.47,overdue,
1178,188,2024-12-10,35.47,paid,2025-01-05T10:06:35
1179,188,2025-01-09,35.47,paid,2025-02-01T06:37:46
1180,188,2025-02-08,35.47,pending,
1181,188,2025-03-10,35.47,paid,2025-03-19T15:26:09
1182,188,2025-04-09,35.47,paid,2025-04-11T10:49:23
1183,188,2025-05-09,35.47,paid,2025-05-12T13:02:33
1184,188,2025-06-08,35.47,paid,2025-06-13T00:34:52
1185,188,2025-07-08,35.47,overdue,
1186,188,2025-08-07,35.47,paid,2025-08-23T10:25:39
1187,188,2025-09-06,35.47,overdue,
1188,188,2025-10-06,35.47,pending,
1189,189,2023-07-24,25.84,pending,
1190,189,2023-08-23,25.84,pending,
1191,189,2023-09-22,25.84,paid,2023-10-21T14:17:59
1192,189,2023-10-22,25.84,paid,2023-11-07T08:09:44
1193,189,2023-11-21,25.84,paid,2023-12-18T04:09:23
1194,189,2023-12-21,25.84,paid,2024-01-12T09:10:40
1195,189,2024-01-20,25.84,overdue,
1196,190,2024-01-06,40.36,pending,
1197,190,2024-02-05,40.36,paid,2024-02-20T14:14:14
1198,190,2024-03-06,40.36,overdue,
1199,190,2024-04-05,40.36,paid,2024-04-29T22:22:47
1200,190,2024-05-05,40.36,pending,
1201,191,2025-02-14,31.8,pending,
1202,191,2025-03-16,31.8,overdue,
1203,191,2025-04-15,31.8,paid,2025-04-18T07:55:49
1204,191,2025-05-15,31.8,overdue,
1205,191,2025-06-14,31.8,paid,2025-07-06T03:59:18
1206,191,2025-07-14,31.8,paid,2025-07-20T21:57:36
1207,191,2025-08-13,31.8,overdue,
1208,191,2025-09-12,31.8,overdue,
1209,191,2025-10-12,31.8,pending,
1210,191,2025-11-11,31.8,paid,2025-11-20T06:07:20
1211,191,2025-12-11,31.8,overdue,
1212,191,2026-01-10,31.8,paid,2026-01-20T20:19:46
1213,192,2023-10-07,38.38,paid,2023-10-07T03:16:19
1214,192,2023-11-06,38.38,overdue,
1215,192,2023-12-06,38.38,paid,2023-12-28T11:05:30
1216,192,2024-01-05,38.38,paid,2024-01-21T10:58:12
1217,192,2024-02-04,38.38,paid,2024-02-17T10:18:14
1218,192,2024-03-05,38.38,overdue,
1219,192,2024-04-04,38.38,paid,2024-04-28T19:06:40
1220,192,2024-05-04,38.38,overdue,
1221,192,2024-06-03,38.38,overdue,
1222,192,2024-07-03,38.38,pending,
1223,192,2024-08-02,38.38,paid,2024-08-06T10:01:11
